Company Name,Category,url
Tauck,Cruises and Ships,https://www.tauck.com/
Glamourtress,Beauty Supplies and Equipment,https://www.glamourtress.com/
Joybuy,Gadgets and Accessories,https://www.joybuy.com/
UK Essays,Writing and Editing Services,https://www.ukessays.com/
Waitr,Food Delivery,https://waitrapp.com/
Crystal Cruises,Cruises and Ships,https://www.crystalcruises.com/
Flixbus,Transport,https://www.flixbus.com/
Honestbee,Food Delivery,https://honestbee.sg/
J And T Express Philippines,Transportation and Logistics,http://jtexpress.ph/
Mac Tools,Building Products,https://www.mactools.com/
Morris 4x4 Center,Auto Parts and Accessories,https://www.morris4x4center.com/
Peloton,Sport Equipment and Accessories,https://www.onepeloton.com/
SkipTheDishes,Food Delivery,https://www.skipthedishes.com/
Textbookrush,Periodicals & Publishing,https://www.textbookrush.com/
Wyzant,Education,https://www.wyzant.com/
Alpin Haus RV,Dealers,https://www.alpinhausrv.com/
AMA Travel,Cruises and Ships,https://www.amatravel.ca/
American Sale,Supermarkets and Malls,https://www.americansale.com/
Avalon Waterways,Cruises and Ships,https://www.avalonwaterways.com/
Azamara Club Cruises,Cruises and Ships,https://www.azamara.com/
Backblaze,Software,https://www.backblaze.com/
BetAmerica,Gambling and Lotto,https://www.betamerica.com/
Big Cartel,Auctions and Marketplaces,https://www.bigcartel.com/
Caresource,Insurance,https://www.caresource.com/
Cargiant,Dealers,https://www.cargiant.co.uk/
Chicken Express,Fast Food,https://chickene.com/
Coast Appliances,Appliances and Electronics,https://www.coastappliances.com/
Cornerstone Hospice,"Hospitals, Clinics and Medical Centers",https://web.cshospice.org/
Cosmos Travel,Travel,https://www.cosmos.com/
Curtis Stone,Kitchen and Cooking,http://www.curtisstone.com/
Davis Instruments,Water Transport,https://www.davisinstruments.com/
Drury Hotels,Hotels and Resorts,https://www.druryhotels.com/
Echo Global Logistics,Transportation and Logistics,https://www.echo.com/
Fabfitfun,Cosmetics and Personal Care,https://fabfitfun.com/
Fiesta Mart,Supermarkets and Malls,https://www.fiestamart.com/
Foodland,Food Stores,https://www.foodland.com/
Giant Fitness,Fitness Centers,https://giantfitnessclubs.com/
Ride GoBus,Transport,https://ridegobus.com/
GrabFood,Food Delivery,https://www.grab.com/my/food/
Gravely,Landscaping and Gardening,https://www.gravely.com/en-us
Holman Automotive,Dealers,http://www.holmanauto.com/
IELTS,Education,https://www.ielts.org/
Jets Pizza,Fast Food,https://www.jetspizza.com/
JRS Express,Transportation and Logistics,http://www.jrs-express.com/
Kentucky Gun Co,Weapons,https://www.kygunco.com/
Knox Pest Control,Pest Control and Services,https://knoxpest.com/
LiveAquaria,Pet Stores,https://www.liveaquaria.com/
Logans Roadhouse,"Cafes, Restaurants and Bars",https://logansroadhouse.com/
Mattress Factory,Bed and Bath,https://www.mattress.org/
Metro Guard Termite and Pest Control,Pest Control and Services,https://www.gotbugs.com/
Mirraw,E-commerce,https://www.mirraw.com/
Monsterbass,"Hunting, Fishing and Camping",https://monsterbass.com/
NJ Transit,Transport,https://www.njtransit.com/
Oxbridge Essays,Writing and Editing Services,https://www.oxbridgeessays.com/
Page Publishing,Periodicals & Publishing,https://www.pagepublishing.com/
Pickles Online,Auctions and Marketplaces,https://www.pickles.com.au/ko/homepage1
Prizegrab,"Gift Cards, Rewards and Cashbacks",https://prizegrab.com/
Pro Disposal And Recycling,Waste And Recycling Services,https://www.prodisposal.net/
Reeds Jewelers,Jewelry and Accessories,https://www.reeds.com/
RIKON Power Tools,Equipment,https://www.rikontools.com/
Sigelei,Cigarettes and Tobacco,http://www.sigelei.com/
Signature Smiles of New Jersey,Dentistry,http://www.signsmiles.com/
Skylum,Software,https://skylum.com
Spa Cover Spot,"Pools, Spas and Plumbing Supplies",https://spacoverspot.com/
Sunset Kia Of Bradenton,Dealers,https://www.sunsetkiabradenton.com/
Tech To Us,Staff,https://www.techtous.com/
Tello Mobile,Telecommunications,https://tello.com/
Toyota Canada,Dealers,https://www.toyota.ca/toyota/en/
Turkey Creek Trading Company,"E-commerce,E-commerce",https://eturkeycreekco.com/
TVG Network,Gambling and Lotto,https://www.tvg.com/
Waste Industries,Waste And Recycling Services,https://wasteindustries.com/myaccount/login
Wfsb,Media,https://www.wfsb.com/
10 Star Fitness,Fitness Centers,http://10starfitness.com/
123ink Ca,Gadgets and Accessories,https://www.123ink.ca/
24 7 Health Club And Wellness Center,Fitness Centers,https://besthuntsvillehealthclub.com/
2go Group,Transportation and Logistics,https://www.2go.com.ph/
2good2toss,Auctions and Marketplaces,https://www.2good2toss.com/
3d Home Inspections,Real Estate,https://3dinspection.com/
4over4,Printing,https://www.4over4.com/
919Dine,Food Delivery,https://www.my919dine.com/
A and R Pool Service,"Pools, Spas and Plumbing Supplies",https://www.arpoolservicenj.com/
A One Carpet Cleaning,Cleaning Services,https://www.aonecarpetcleaning.com/
A4 Apparel,Sport Equipment and Accessories,https://www.a4.com/
ABC Carpet And Home,Furniture and Decor,http://www.abchome.com/
ABC HealthCare,Medical Supplies and Equipment,https://www.abc-hc.com/
AC Nelsen RV,Dealers,https://www.acnrv.com/
Academy Of Art University,"Universities, Colleges and Schools",https://www.academyart.edu/
Acorn Veterinary Clinic,Pet Medicine and Veterinary Clinics,https://www.acornvetclinic.com/
Acorns,Financial Services,https://www.acorns.com/
ACS Home Inspections,Real Estate,https://www.acshomeinspections.com/content.aspx
Acton Ford,Dealers,https://www.actonford.com/
Adaware,Software,https://www.adaware.com/
Adgate Media,PR and Marketing,https://adgatemedia.com/
Adirondack Beverages,Food Manufacturers,http://www.adirondackbeverages.com/
AdoramaPix,Printing,https://www.adorama.com/adoramapix
Aerolineas Argentinas,Transport,https://www.aerolineas.com.ar/
Affinity RV,Dealers,https://www.affinityrv.com/
Affordable World,Travel Agencies,https://www.affordableworld.com/
Agave Denim,Footwear and Clothing,https://www.agavedenim.com/
Air21 Transportation,Transportation and Logistics,http://www.air21.com.ph/
AJIO,Footwear and Clothing,https://www.ajio.com/
Akbar Travels,Travel Agencies,https://www.akbartravels.com/
Alamo Hy Tech Foundation Repair,Construction and Repair,https://www.repairmyfoundation.com/
Alchins Disposal,Waste And Recycling Services,https://www.alchinsdisposal.com/
Aleks,Education,https://www.aleks.com/
Alghanim Marine,Water Transport,http://www.alghanimmarine.com/
Allen Tate Realtors,Real Estate,http://www.allentate.com/
Alliant Bank,Banks,https://www.alliantbank.com/
Allina Health,"Hospitals, Clinics and Medical Centers",https://www.allinahealth.org/
Allsups,Service Centers and Repairs,https://www.allsups.com/
Alpine Homes,Construction and Repair,https://alpinehomes.com/
Amalfi Pizza,Fast Food,http://amalfipizzaatl.com/
Amatos,"Cafes, Restaurants and Bars",https://www.amatos.com/
Amawaterways,Cruises and Ships,https://www.amawaterways.com/
American National,Insurance ,https://www.americannational.com/
American Properties Realty,Construction and Repair,https://www.americanproperties.net/
American Standard Moving,Moving and Storage,https://www.americanstandardmoving.com/
Amiccis,Fast Food,https://amiccis.com/
Amish Hills Fine Handmade Furniture,Furniture and Decor,http://www.amishhills.com/
Amvets,Governmental Organizations and Politics,https://amvets.org/
Antico Pizza,Fast Food,https://www.anticopizza.be/
Appalachian Wireless,Telecommunications,http://www.appalachianwireless.com/
APT Travel Group ,Travel Agencies,http://www.apttravelgroup.com/
Arcadian Antenna,Telecommunications,https://www.arcantenna.com/
Arlington RV Supercenter,Dealers,https://www.arlingtonrv.com/
Armstrong MyWire,Telecommunications,https://www.armstrongmywire.com/
Arrive Eilan,Hotels and Resorts,https://www.arriveeilan.com/
Art Plumbing AC And Electric,"Heating, Cooling and Air Conditioning",https://www.artplumbingandac.com/
ArtFire,Auctions and Marketplaces,https://www.artfire.com/
Article Furniture,Furniture and Decor,https://www.article.com/
ArtResin,Household Essentials,https://www.artresin.com/
Ashley And Martin,Beauty Salons and Spas,https://ashleyandmartin.com.au/
Asian Tigers Mobility,Moving and Storage,https://www.asiantigers-mobility.com/
Aspen Ridge Management,Real Estate,http://www.aspenridgemanagement.com/
ATB Financial,Banks,https://www.atb.com/personal/
Atlantic Superstore,Food Stores,https://www.atlanticsuperstore.ca/
Atlas Appliances,Appliances and Electronics,https://www.atlasappliances.com/
ATS Diesel Performance,Auto Parts and Accessories,https://www.atsdiesel.com/
Augusta Sportswear,Sport Equipment and Accessories,https://www.augustasportswear.com/
Auto City Classic,Auto Parts and Accessories,https://www.autocityclassic.com/
AutoFair Ford of Haverhill,Dealers,https://www.autofairfordofhaverhill.com/
AutohausAZ,Auto Parts and Accessories,https://www.autohausaz.com/
Automotive Specialty Services,Service Centers and Repairs,http://www.automotivespecialtyservices.com/
Aveda Institute,"Universities, Colleges and Schools",https://aveda.edu/
Avita Pharmacy,Pharmacy,https://avitapharmacy.com/
Awesome Dealz,Appliances and Electronics,https://www.awesomedealzcolumbus.com/
Axis Communications,Security and Protection Services,https://www.axis.com/
B Barnett,Footwear and Clothing,https://bbarnett.com/
Bagmasters,Printing,https://www.bagmasters.com/
Baileys Gym,Fitness Centers,https://baileysgym.com/
Baja Fresh,Fast Food,https://www.bajafresh.com/
BandLab,Music stores,https://www.bandlab.com
Barmakian Jewelers,Jewelry and Accessories,https://www.barmakian.com
Barn2 Media,Software,https://barn2.co.uk
Barnes Coaches,Transport,https://www.barnescoaches.co.uk
BasementShirts,Footwear and Clothing,https://basementshirts.com
Battista Farms,Landscaping and Gardening,http://www.battistafarms.com
Bedjet,Furniture and Decor,https://bedjet.com
Beds R Us,Bed and Bath,https://bedsrus.com.au/
Belgard Pavers,Construction and Repair,https://www.belgard.com/
Bell MTS,Telecommunications,https://www.bellmts.ca/personal
Belle Jewelers,Jewelry and Accessories,https://www.belle-jewelers.com/
Belleville Boot,Footwear and Clothing,https://www.bellevilleboot.com/
Belmont Village Senior Living,"Hospitals, Clinics and Medical Centers",https://www.belmontvillage.com/
Best Deal Pet Supply,Pet Medicine and Veterinary Clinics,https://www.bestdealpetsupply.com/
Bestway Disposal,Waste And Recycling Services,https://bestwaydisposal.com/
Better World Club,Service Centers and Repairs,https://www.betterworldclub.com/
Bexley by Newland Communities,Real Estate,https://www.bexleyflorida.com/
Beyond Horizons Travel Designs,Travel Agencies,http://beyondhorizonstravel.com/
Bickford Ford,Dealers,https://www.bickford.net/
Bicycle Motor Works,Motorcycles and ATVs,https://bicyclemotorworks.com/
Big Oaks Construction,Construction and Repair,https://www.bigoaksconstruction.com/
BiggerPockets,Real Estate,https://www.biggerpockets.com/
Bill Knight Automotive,Service Centers and Repairs,https://www.billknightauto.com/
Bill Plemmons RV,Dealers,https://www.billplemmonsrv.com/
BingoMania,Gambling and Lotto,https://www.bingomania.com/
Bird Kultgen Ford,Dealers,https://www.bkford.com/
Birds of Prey Motorsports,Motorcycles and ATVs,https://www.birdsofpreymotorsports.com/
BlackHairspray,Beauty Supplies and Equipment,https://www.blackhairspray.com/
Blacks Moving And Storage,Moving and Storage,https://www.blacksmovingstorage.com/
Blains Farm And Fleet,Supermarkets and Malls,https://www.farmandfleet.com/
Blakeman Propane,Utility,http://www.blakemanpropane.com/
BlindSaver,"Blinds, Curtains and Shutters",https://www.blindsaver.com/
Blink Home,Security and Protection Services,http://blinkforhome.com/
BlissXO,"Gift Cards, Rewards and Cashbacks",https://blissxo.com/
Blonde20,PR and Marketing,https://www.blonde20.com/
Bloom Daily Planners,E-commerce,https://bloomplanners.com/
Blue Pan Pizza,Fast Food,https://bluepandenver.com/
Blue Ridge Knives,E-commerce,https://www.blueridgeknives.com/
Bluespan,Telecommunications,https://bluespan.com/
Bluestone Perennials,Landscaping and Gardening,https://www.bluestoneperennials.com/
BMO Capital Markets,Banks,https://www.bmocm.com/search/
Boat Covers Direct,Equipment,https://www.boatcoversdirect.com/
BookingBuddy,Travel Agencies,https://www.bookingbuddy.com/
BooksRun,Periodicals & Publishing,https://booksrun.com/
Border State Bank,Financial Services,https://www.borderstatebank.com/
Borrowell,Loans and Mortgages,https://borrowell.com/
Boss Revolution,Cash Services,https://www.bossrevolution.com/
Boston Seo Company,SEO and Reputation Management,https://seoinboston.com/
Boxx Sanitation,Waste And Recycling Services,http://www.boxxsanitation.com/
Bradlows Home,Furniture and Decor,https://www.bradlows.co.za/
Branchville Animal Hospital,Pet Medicine and Veterinary Clinics,http://www.branchvilleanimalhospital.com/
Brico Depot,Building Products,https://www.bricodepot.fr/
BringMeThat,Food Delivery,https://www.bringmethat.com/
Broad Connect,Telecommunications,https://www.broadconnect.ca/
Broadripple Chiropractic,"Hospitals, Clinics and Medical Centers",http://broadripplechiropractic.com/
Brooksville Optical,Medical Supplies and Equipment,https://www.brooksvilleoptical.com/
Brother Industries,Gadgets and Accessories,https://global.brother/en
Brown Daub Chevrolet of Nazareth,Dealers,https://www.browndaubchevy.com/
Bruno Lifts,Construction and Repair,https://www.bruno.com/
Budget Propane,Utility,https://budgetpropane.com/en/
Bullfrog Spas,"Pools, Spas and Plumbing Supplies",https://www.bullfrogspas.com/
Bullion Coatings,Construction and Repair,https://www.bullioncoatings.com/
Bulloch Broadband,Telecommunications,http://www.bullochbroadband.net/
Bunker Hill Moving and Storage,Moving and Storage,https://www.bunkerhillmoving.com/
Burlington RV Superstore,Dealers,https://www.burlingtonrv.com/
BusBank,Transport,https://www.busbank.com/
Bushnell Golf,Sport Equipment and Accessories,https://www.bushnellgolf.com/
Business Wire,Media,https://www.businesswire.com/
Butler Tires And Wheels,Service Centers and Repairs,https://www.butlertire.com/
Buyback Express,Periodicals & Publishing,https://buybackexpress.com/about-us/
BuyBackWorld,E-commerce,https://www.buybackworld.com/
Buykud,Footwear and Clothing,https://www.buykud.com/
Buzz Advertising,Advertising,http://buzzadv.com/
Buzzoid,Advertising,https://buzzoid.com/
Cable Cable Inc,Telecommunications,http://www.cablecable.net/
Cache Creek Casino Resort,Gambling and Lotto,https://www.cachecreek.com/
Cafe Runner,Food Delivery,https://caferunner.com/
California Car Cover,Auto Parts and Accessories,https://www.calcarcover.com/
CaliforniaMotorbikes,Motorcycles and ATVs,https://www.californiamotorbikes.com/
Callaway Blue Springs Water,Food Delivery,https://www.callawayblue.com/
Candleberry,Cosmetics and Personal Care,https://www.candleberry.com/
Canvas Champ,Printing,https://www.canvaschamp.com/
Canvas on Sale,Printing,https://www.canvasonsale.com/
Canyon Wireless,Telecommunications,http://canyon-wireless.com/
Cape Cod Cafe,"Cafes, Restaurants and Bars",https://capecodcafepizza.com/
Capital Leasing Solutions,Loans and Mortgages,https://capitaleasing.com/
Capium,Software,https://www.capium.com/
Capri Flowers,Flowers / Florist,https://www.capriflowersorange.com/
Capsule Home,Furniture and Decor,https://capsulehome.com/
Captain Steves of Charlotte,Fast Food,http://www.captainstevescharlotte.com/
Carbon2Cobalt,Footwear and Clothing,https://www.carbon2cobalt.com/
Cardinal Credit Union,Banks,https://www.cardinalcu.com/
Caribbean Airlines,Transport,https://www.caribbean-airlines.com/
Zeiss ,Medical Supplies and Equipment,https://www.zeiss.com/corporate/int/home.html
Carls Cycle Sales,Motorcycles and ATVs,http://www.carlscycle.com/
Carolina Career College,Education,https://www.carolinacareercollege.edu/
Carousell,Auctions and Marketplaces,https://sg.carousell.com
Carsguide,Auctions and Marketplaces,https://www.carsguide.com.au/
Catfish Station,Fast Food,https://catfishstation.com/
CD Projekt,Games and Movies,https://en.cdprojektred.com/
CDNN Sports,Weapons,https://www.cdnnsports.com/
Cedar Valley College,"Universities, Colleges and Schools",https://www.cedarvalleycollege.edu/pages/default.aspx
Centennial Hills Hospital,"Hospitals, Clinics and Medical Centers",https://www.centennialhillshospital.com/
Center One Dental,Dentistry,https://www.centeronedental.com/
Central Phoenix Animal Hospital,Pet Medicine and Veterinary Clinics,https://www.centralphoenixanimalhospital.com/
Central Texas Endodontics,Dentistry,https://www.centraltexasendo.com/
Century Properties,Real Estate,https://www.century-properties.com/
CGI Windows And Doors,Windows and Doors,https://cgiwindows.com/
Charmerly,Dating and Social Networking,https://charmerly.com/
Cheeburger Cheeburger,Fast Food,https://www.cheeburger.com/
Chefette,Fast Food,https://www.chefette.com/
Chillicothe Gazette,Periodicals & Publishing,https://www.chillicothegazette.com/
Chipex USA,Auto Parts and Accessories,https://www.chipex.com/
Chiplab,Gambling and Lotto,https://www.chiplab.com/
Choice Disposal,Waste And Recycling Services,https://choicedisposal.com/
The ChopHouse of New Jersey,"Cafes, Restaurants and Bars",https://www.thechophouse.us/
Chow Cab,Food Delivery,https://www.chowcab.com/
Christa Meola Pictures,Photography,http://christameola.com/
Christian Healthcare Ministries,Insurance,https://www.chministries.org/
Chuze Fitness,Fitness Centers,https://chuzefitness.com/
Circare,"Hospitals, Clinics and Medical Centers",https://www.cir.care/
Citizens Access,Banks,https://www.citizensaccess.com/
City Tele Coin,Telecommunications,https://www.citytelecoin.com/
CKO Kickboxing,Fitness Centers,https://www.ckokickboxing.com/
Claim Jumper,"Cafes, Restaurants and Bars",http://claimjumper.com/
Claire Burke,Bed and Bath,https://myclaireburke.com/
Classic Firearms,Weapons,https://www.classicfirearms.com/
ClassifiedAds,Advertising,https://www.classifiedads.com/
Clean And Clear,Cosmetics and Personal Care,https://www.cleanandclear.com/
Cleanway Environmental Services,Waste And Recycling Services,https://www.cleanway.com.au/
Cleartrip,Travel Agencies,https://www.cleartrip.com/
Closeout Bats,Sport Equipment and Accessories,https://www.closeoutbats.com/
CloudPhone,Telecommunications,https://www.cloudphone.com/
CoachRun,Transport,https://www.coachrun.com/
CobornsDelivers,Food Stores,https://shop.coborns.com/
Coccos Pizza,Fast Food,https://coccospizza.com/
Cockrells Body Shop,Service Centers and Repairs,https://cockrellsbodyshop.com/
College Fabric Store,Craft Supplies and Tools,https://www.collegefabricstore.com/
Collette Vacations,Travel Agencies,https://www.gocollette.com/
Colmans RV,Dealers,https://www.colmansrv.com/
Colonial Laundromats,Cleaning Services,http://www.coloniallaundromats.com/
ComboInk,Gadgets and Accessories,https://www.comboink.com/
CINC Pro,PR and Marketing,https://www.cincpro.com/
COMP Cams,Auto Parts and Accessories,https://www.compcams.com/
Construction Monitor,Construction and Repair,https://www.constructionmonitor.com/
ContactsDirect,Medical Supplies and Equipment,https://www.contactsdirect.com/
Content Writers Group,SEO and Reputation Management,https://contentwritersgroup.com/
Converge ICT,Telecommunications,https://www.convergeict.com/
Core Covers,"Pools, Spas and Plumbing Supplies",https://www.corecovers.com/
Country Camper,Dealers,https://www.countrycamper.com/
Country Camping Corner,Dealers,https://countrycamping.com/
Coworx Staffing Services,Job Search and Employment,https://www.coworxstaffing.com/
Cozi TV,Media,http://www.cozitv.com/
Craters And Freighters,Transportation and Logistics,https://www.cratersandfreighters.com/
Creative Cuts,Beauty Salons and Spas,https://www.creativecutshairdesign.com/
Credit Sesame,Cards,https://www.creditsesame.com/
Cremation Solutions,Funerals,https://www.cremationsolutions.com/
Crestline Windows and Doors,Windows and Doors,https://www.crestlinewindows.com/
Crossroads Bank,Banks,https://www.crossroadsbanking.com/
Crowd Content,SEO and Reputation Management,https://www.crowdcontent.com/
Crowley Energy,Utility,http://www.crowleyenergy.com/
Crown Pest Control,Pest Control and Services,https://crownpest.biz
Cruise Critic,Cruises and Ships,https://www.cruisecritic.com/
Cupidtaste,Dating and Social Networking,https://cupidtaste.com/
CYZ Collection,Footwear and Clothing,https://cyzcollection.com/
D And B Supply,Supermarkets and Malls,https://mydbsupply.com/
Dahmakan,Food Delivery,https://dahmakan.com/kuala-lumpur/food-delivery
Daily Racing Form,Gambling and Lotto,https://www.drf.com/
Dallas and Fort Worth Singles,Dating and Social Networking,http://dallasandfortworthsingles.com/
Dashing Delivery,Food Delivery,https://www.dashingdelivery.com/
Dashlane,Software,https://www.dashlane.com/
David Zwirner,Arts and Fine Arts,https://www.davidzwirner.com/
De Leons Taco And Bar,Fast Food,http://deleonstacoandbar.com/
DeFino Realtors,Real Estate,http://www.definorealtors.com/
Delightful Days Rv,Dealers,https://www.delightfuldays.com/
DeliverMeFood,Food Delivery,https://www.delivermefood.com/
Delsey,Luggage,https://www.delsey.com
Delta Transmission of Arkansas,Service Centers and Repairs,http://www.deltatransmissionrepairconway.com/
Deltona Discount Tire,Service Centers and Repairs,https://www.deltonatire.com/
Dennis Dillon RV Marine Powersports,Motorcycles and ATVs,https://www.ddrv.com/
Destinationxl com,Footwear and Clothing,https://www.destinationxl.com/mens-big-and-tall-store
Diamond Springs Water,Food Delivery,https://www.diamondsprings.com/
Digital Resource LLC,Dealers,https://yourdigitalresource.com/
Digital Supply USA,Gadgets and Accessories,https://www.digitalsupplyusa.com/
Dinner Delivered,Food Delivery,https://www.dinnerdelivered.com/
Discountautoparts,Auto Parts and Accessories,https://www.discountautoparts.com/
Discountglasses,Medical Supplies and Equipment,https://www.discountglasses.com/
DistroKid,PR and Marketing,https://distrokid.com/
Ditch And Associates,Waste And Recycling Services,http://www.ditchtrash.com/
DNA Diagnostics Center,"Hospitals, Clinics and Medical Centers",https://dnacenter.com/
Doctor Genius,Web Design and Development,https://doctorgenius.com/
doctorSIM,Software,https://www.doctorsim.com/
Dodge Canada,Dealers,https://www.dodge.ca/en
All Dogs Unleashed,Animal Services,https://www.alldogsunleashed.com/
Dogtopia,Animal Services,https://www.dogtopia.com/
Domain Com,Hosting,https://www.domain.com/
Domayne Australia,Furniture and Decor,https://www.domayne.com.au/
Dome Publishing Company,Periodicals & Publishing,https://thedomecompanies.com/
Dotmod,Cigarettes and Tobacco,https://dotmod.com/
Double Quick,Food Stores,https://www.doublequick.com/
Downstream Casino Resort,Hotels and Resorts,https://downstreamcasino.com/
Downtown Grill And Brewery,"Cafes, Restaurants and Bars",http://www.downtownbrewery.com/
Dr Andreas Bessenroth DMD,Dentistry,https://www.facebook.com/Dr-Andreas-Bessenroth-DMD-102884226573629/?ref=nf&hc_ref=NEWSFEED
Dr LG Puckett DDS,Dentistry,http://drlgpuckett.com/
Dribbble,Auctions and Marketplaces,https://dribbble.com/
Duke University School Of Law,"Universities, Colleges and Schools",https://law.duke.edu/
Durable corporation,"Carpets, Rugs and Mats",https://www.durablecorp.com/
Dyer Garofalo Mann and Schultz,Lawyers and Legal Services,https://dgmslaw.com/
E Z Up,Building Products,https://www.ezup.com/
Earthbound Environmental Solutions,Waste And Recycling Services,https://www.earthboundenviro.com/
East Coast Resin,Household Essentials,https://eastcoastresin.com/
Easy Backyard Storage,Construction and Repair,https://www.easybackyardstorage.com/
Ebox Canada,Telecommunications,https://www.ebox.ca/en/
EC21,Auctions and Marketplaces,https://www.ec21.com/
Eclipse Fitness,Fitness Centers,http://www.eclipsefitnessandspa.com/
Edge Homes,Construction and Repair,https://www.edgehomes.com/
EduBirdie,Writing and Editing Services,https://edubirdie.com/
Eeuroparts,Auto Parts and Accessories,https://www.eeuroparts.com/
EGC Group,Advertising,https://www.egcgroup.com/
El Monte RV,Rentals,https://www.elmonterv.com/
ElephantStock,Furniture and Decor,https://www.elephantstock.com/
Elvis Cinemas,Cinemas and Theaters,http://www.elviscinemas.com/
Elysium Conjures,Astrology,https://elysiumconjures.com/
Emard Bros Lumber,Supermarkets and Malls,https://emardlumber.ca/
Emerald Waterways,Cruises and Ships,https://www.emeraldwaterways.com/
Encompass Parts,Auto Parts and Accessories,https://encompass.com/
EnergyUnited,Utility,https://www.energyunited.com/
eNotes,Education,https://www.enotes.com/
Enterprise Car Club,Rentals,https://www.enterprisecarclub.co.uk/gb/en/home.html
EnviroShield,"Restoration, Renovation and Remodeling",https://www.enviroshield-usa.com/
EpicTV,Telecommunications,https://www.epictv.com/
Epuffer,Cigarettes and Tobacco,https://epuffer.com/
EstateSales Net,Real Estate,https://www.estatesales.net/
Estetica Designs,Beauty Supplies and Equipment,http://www.esteticadesigns.com/
ETD Discount Tire Center,Service Centers and Repairs,https://etddiscounttire.com/
Etix,Tickets,https://www.etix.com/
Eufy,Security and Protection Services,https://www.eufylife.com/
Europarunt,Transport,https://europarunt.se/
Evans Clarke National,Auctions and Marketplaces,http://www.evansclarke.com.au/
Eveready Battery,Household Essentials,http://www.eveready.com/
Everyplate,Food Delivery,https://www.everyplate.com/
EverythingFX,Financial Services,https://www.everythingfx.com/
Eves Addiction Jewelry,Jewelry and Accessories,https://www.evesaddiction.com/
Evolve Medical Clinics,"Hospitals, Clinics and Medical Centers",https://evolvemedicalclinics.com/
Exit 1 RV,Dealers,https://exit1rv.com/
eXp Realty,Real Estate,https://www.exprealty.com/
Expressions Catalog,Footwear and Clothing,https://www.expressionscatalog.com/
Extreme Terrain,Auto Parts and Accessories,https://www.extremeterrain.com/
Ezcater,Food Delivery,https://www.ezcater.com/
Ezells Famous Chicken,Fast Food,https://www.ezellschicken.com/
Ezipoz,Transportation and Logistics,https://www.ezipoz.com/
FabriX,Craft Supplies and Tools,https://fabrix.com/
Fajitex,Footwear and Clothing,https://www.fajasfajitex.com/
Famous Amos,Fast Food,https://www.famous-amos.com/
Fareway Stores,Food Stores,https://www.fareway.com/
FastFloors,Flooring and Tiling,https://www.fastfloors.com/
Faxage,Telecommunications,https://www.faxage.com/
Feils Oil,Utility,http://www.feilsoil.com/
Fellinis Pizza,Fast Food,http://www.fellinisatlanta.com/
Fenty Beauty,Cosmetics and Personal Care,https://www.fentybeauty.com/
Ferns N Petals,E-commerce,https://www.fnp.com/
FETV,Telecommunications,https://fetv.tv/
First Eye Care,Medical Supplies and Equipment,https://firsteyecare.com/
Fisher Auto Parts,Auto Parts and Accessories,http://www.fisherautoparts.com/
Fitworks,Fitness Centers,https://www.fitworks.com/
Five Below,Supermarkets and Malls,https://www.fivebelow.com/
Flatiron School,Courses and Trainings,https://flatironschool.com/
Flo Tek,Equipment,http://flotekafrica.com/
Flood Brothers Disposal,Waste And Recycling Services,https://www.floodbrothersdisposal.com/
The Floor Shop,Flooring and Tiling,https://thefloorshop.com/
Floria Express,Flowers / Florist,http://www.floriaexpress.com/
Florida Air Conditioning And Heating,"Heating, Cooling and Air Conditioning",http://www.flairheat.com/
Flyers Pizza,Fast Food,https://www.flyerspizza.com/
Flying Pig Grooming,Pet Stores,https://www.flyingpiggrooming.com/
Food of Your Mood,Food Delivery,https://www.foodofyourmood.com/
Food Services Of America,Food Delivery,http://www.fsafood.com/
Foot District,Footwear and Clothing,https://footdistrict.com/en/
FortNine Canada,Auto Parts and Accessories,https://fortnine.ca/en/
Frank Toyota,Auto Parts and Accessories,https://www.franktoyota.com/
FreeChatNow,Adult Entertainment,https://www.freechatnow.com/
FreeHosting Com,Hosting,https://www.freehosting.com/
FreeSlots,Games and Movies,https://www.freeslots.com/
Freezing Moo,Food Manufacturers,https://www.freezingmoo.com/
Freshly,Food Delivery,https://www.freshly.com/
Freshtunes,PR and Marketing,https://freshtunes.com/
Fruth Pharmacy,Pharmacy,https://fruthpharmacy.com/locations/
Funded Today,Advertising,https://www.funded.today/
Furniture Depot,Furniture and Decor,http://www.furnituredepot.com/
Furniture Queen Of Texas,Furniture and Decor,http://www.furniturequeen.com/
Futiva,Telecommunications,https://www.futiva.biz/
Fybercom,Telecommunications,https://www.fybercom.net/
G Dental Group,Dentistry,http://www.gdentalgroup.com/
Galpao Gaucho,"Cafes, Restaurants and Bars",https://galpaogauchousa.com/
Game Giant,Games and Movies,http://www.gamegiantfargo.com/
Gas Incorporated,Utility,https://www.gasinc.com/
Gb3clubs,Fitness Centers,https://www.gb3clubs.com/
GenealogyBank,Periodicals & Publishing,https://www.genealogybank.com/
General Motors of Canada,Dealers,https://www.gm.ca/en/home.html
Gerbes Super Markets,Food Stores,https://www.gerbes.com/
Gertens,Landscaping and Gardening,https://www.gertens.com/
Gevity,Accounting,https://gevityinc.com/
Gifts24x7,E-commerce,https://www.gifts24x7.in/
Glidden,Building Products,https://www.glidden.com/
Glory Days Grill,"Cafes, Restaurants and Bars",https://www.glorydaysgrill.com/
GMX Mail,Media,https://www.gmx.com/
Go Ahead Tours,Travel Agencies,https://www.goaheadtours.com/
GO Financial,Loans and Mortgages,https://www.gofinancial.com/
Go RVing,Rentals,https://gorving.com/
GoCertificates,Background and People Search,https://www.gocertificates.com/
Goemans Appliances,Supermarkets and Malls,https://www.goemans.com/
GoldMine,Software,https://www.goldmine.com/
Goodbye Bread,Footwear and Clothing,https://www.goodbyebread.com/
Google Drive,Software,https://www.google.com/drive/
Goose Creek Candles,Bed and Bath,https://goosecreekcandle.com/
Gordon Electric Supply,E-commerce,https://www.gordonelectricsupply.com/
GoToPublish,Periodicals & Publishing,https://gotopublish.com/
Grady White Boats,Water Transport,https://www.gradywhite.com/
Grand Effects,Chimneys and Fireplaces,https://www.grandeffects.com/
Dane Fine Art,Arts and Fine Arts,https://www.danefineart.com/
Greco Fitness,Fitness Centers,https://grecofitness.com/
Green Mountain Grills,Appliances and Electronics,https://greenmountaingrills.com/
Green Works Lawn and Leaf,Landscaping and Gardening,http://www.greenworkslawnandleaf.com/
Gretsch,Music stores,https://www.gretschguitars.com/
Grieco Chevrolet of Delray Beach,Dealers,https://www.griecochevroletdelray.com/
Grocery Gateway,Food Delivery,https://www.grocerygateway.com/store/groceryGateway/en/
Groups Place,Dating and Social Networking,https://groups.place/
Gti Communications,Telecommunications,https://www.gticomm.com/
Gutter Shield,Construction and Repair,https://www.guttershield.net/
GutterGuard,Gutters and Carpentry,https://www.gutterguard.com/
GV Tires,Service Centers and Repairs,http://www.gvtires.com/
H And H Homes,Construction and Repair,https://www.hhhomes.com/
H Recinos Roofing Contractors,Construction and Repair,https://www.recinosroofingnj.com/
Halls Marine,Water Transport,https://www.hallsmarine.com/
Halt Pest Control,Pest Control and Services,https://www.haltpestcontrol.com/
Ham Radio Outlet,Telecommunications,https://www.hamradio.com/
Hanas Hair Salon,Beauty Salons and Spas,https://hanas-hairsalon.business.site/
Hanner Electric Heating Air,Utility,http://hanner-electric-heating-air.business.site/
Harland Sharp,Auto Parts and Accessories,http://www.harlandsharp.com/
Harris Pizza,Fast Food,http://www.harrispizza.com/
Harry Winston Jewelry,Jewelry and Accessories,https://www.harrywinston.com/en
Hart Dental of Rhode Island,Dentistry,http://www.edhartdental.com/home
Hartels Disposal,Waste And Recycling Services,https://hartels.com/
Hartig Drug,Pharmacy,https://www.hartigdrug.com/
Harvard Law School,"Universities, Colleges and Schools",https://hls.harvard.edu/
Hayes Valley Medical And Esthetics,Beauty Salons and Spas,https://hayesvalleymed.com/
Headcovers Unlimited,Beauty Supplies and Equipment,https://www.headcovers.com/
Heartwood And Oak,Food Manufacturers,http://www.getheartwoodandoak.com/
Heffs Burgers,"Cafes, Restaurants and Bars",https://www.heffsburgers.net/
Hello Bello,Kids' Stores,https://hellobello.com/
Hendersonville Community Coop,Food Stores,https://www.hendersonville.coop/
Heritage Federal Credit Union,Loans and Mortgages,https://www.hfcu.info/
Hermiston Chrysler Dodge Jeep Ram,Dealers,https://www.hermistonchryslerdodgejeepram.com/
Herndon McFarland Plumbing,Plumbing,https://www.hmcplumbing.com/
Herndon Reston Transmission,Service Centers and Repairs,http://www.herndonrestontransmission.com/
Herrmann Brothers Moving,Moving and Storage,http://www.herrmannbrothersmoving.com/
Hershey Lodge,Hotels and Resorts,https://www.hersheylodge.com/
Hikvision,Security and Protection Services,https://www.hikvision.com/
Hillcrest Dental,Dentistry,https://www.hillcrestdental.com.au/
Hilltop At Shavano Apartments,Hotels and Resorts,https://www.hilltopatshavano.com/
Hinge,Dating and Social Networking,https://hinge.co/
Hippo Insurance,Insurance,https://myhippo.com/
HMHShip,Transportation and Logistics,https://www.hmhship.com/
Holdens Marine Center,Water Transport,https://www.holdensmarine.com/
Holland Sentinel,Periodicals & Publishing,https://www.hollandsentinel.com/
Home Hardware,Supermarkets and Malls,https://www.homehardware.ca/
The Home Money Guide,"Gift Cards, Rewards and Cashbacks",https://thehomemoneyguide.com/
HomeToGo,Travel Agencies,https://www.hometogo.com/
HoneyBaked Ham,"Cafes, Restaurants and Bars",https://www.honeybaked.com/
Hoppes And Associates,Insurance,https://www.hoppesassociates.com/
Hot Purple Energy,Utility,https://hotpurpleenergy.com/
Hot Tub Products,"Pools, Spas and Plumbing Supplies",https://hottubproducts.com/
Hotels For Everyone,Travel Agencies,https://www.hotels-for-everyone.com/
Htmarket,Furniture and Decor,https://www.htmarket.com/
Hub City Delivery,Food Delivery,http://www.hubcitydelivery.com/
Hubble Homes,Construction and Repair,https://www.hubblehomes.com/
Hudec Dental,Dentistry,https://hudecdental.com/
Hudson Nissan,Dealers,https://www.hudsonnissan.com/
Hudson Street Design,Windows and Doors,https://hudsonstreetdesign.com/
Hutson Plumbing Company,Plumbing,http://hutsonplumbing.com/index.php/
Idahoan Foods,Food Manufacturers,https://idahoan.com/
Idates,Dating and Social Networking,https://www.idates.com/
IDParts Com,Equipment,https://www.idparts.com/
Iheartcats,Pet Stores,https://iheartcats.com/
Impex Auto Sales,Dealers,http://www.impexautosales.com/
Indiabulls Dhani,Financial Services,https://www.indiabullsdhani.com/
Infinix Mobile,Gadgets and Accessories,http://www.infinixmobility.com/
InkCartridges Com,Gadgets and Accessories,https://www.inkcartridges.com/
Inland Bath and Kitchen,"Restoration, Renovation and Remodeling",https://inlandbath.com/
Interior Define,Furniture and Decor,https://www.interiordefine.com/
Interrail,Transport,https://www.interrail.eu/
Invision Sally Jobe,"Hospitals, Clinics and Medical Centers",https://www.invisionsallyjobe.com/
iPrintfromHome,Printing,https://www.iprintfromhome.com/
Ipsalu Tantra,"Universities, Colleges and Schools",https://ipsalutantra.org/
Irazoo,"Gift Cards, Rewards and Cashbacks",https://www.irazoo.com/
iSmile Studios,Photography,http://www.ismilestudios.com/
iWriter,SEO and Reputation Management,https://www.iwriter.com/
Izest Marketing,PR and Marketing,https://www.izestmarketing.com/
Jacks Campers,Dealers,https://www.jackscampers.com/
Jacks Pizza,Food Manufacturers,https://www.jackspizza.com/
Jacobsen Homes,Construction and Repair,https://www.jachomes.com/
Jade Mountain Resort,Hotels and Resorts,https://www.jademountain.com/
JAK ECIG,Cigarettes and Tobacco,https://www.epicvapor.com/
James Ceranti Motors,Dealers,https://www.jamescerantimotors.net/
Jameson Inn,Hotels and Resorts,http://jamesoninnga.com/
Jango Radio,Telecommunications,http://www.jango.com/
JC WIFI,Telecommunications,https://www.jcwifi.com/
Jeff Benton Homes,Construction and Repair,http://www.jeffbentonhomes.com/
Jellystone Park,Real Estate,https://www.campjellystone.com/
Jent Construction,"Roofing, Siding and Masonry",https://jentconstruction.com/
JEWELRYFRESH,Jewelry and Accessories,https://www.jewelryfresh.com/
Jh Carr,Furniture and Decor,https://www.jhcarr.com/
Jjill,Footwear and Clothing,https://www.jjill.com/
John Foy and Associates,Lawyers and Legal Services,https://www.johnfoy.com/
Johnson Subaru of Cary,Auto,https://www.johnsonsubaru.com/
Jon Renau,Beauty Supplies and Equipment,https://www.jonrenau.com/
Jon Snow Real Estate,Real Estate,https://jonsnow.com/
Josh Early Candies,Food Delivery,http://www.joshearlycandies.com/
Joybuy,Appliances and Electronics,https://www.joybuy.com/
Joyner Homes,Construction and Repair,https://joynerhomesonline.com/
Just My Size,Footwear and Clothing,https://www.justmysize.com/
Jw homes,Construction and Repair,http://jwhomes.co.uk/
Kahians,Supermarkets and Malls,https://www.kahians.com/
Kalahari Resorts,Hotels and Resorts,https://www.kalahariresorts.com/
Kalin Home Furnishings,Furniture and Decor,https://www.shopkalin.com/
Kamik,Footwear and Clothing,https://www.kamik.com/b2c_int_en/
Kane Motors,Dealers,http://www.kanemotors.com/
Karew Entertainment,Music stores,http://karewentertainment.com
Kawai Musical Instruments,Appliances and Electronics,https://www.kawai-global.com/
Keeper Security,Software,https://www.keepersecurity.com/
KeepTruckin,Appliances and Electronics,https://keeptruckin.com/
Attorney Ken Nugent,Lawyers and Legal Services,https://www.attorneykennugent.com/
Kerrville Bus Company,Transport,https://www.coachusa.com/kerrville-bus-company
Keystone Automotive Operations,Auto Parts and Accessories,https://www.keystoneautomotive.com/
KGUARD,Gutters and Carpentry,https://www.kguardsecurity.com/index.php/en/
King Quality Construction,Construction and Repair,https://www.kingquality.com/
Kings Kia,Dealers,https://www.kingskia.com/
Kingsoopers,Food Stores,https://www.kingsoopers.com/
Kitco,Financial Services,https://www.kitco.com/
Kittery Trading Post,Supermarkets and Malls,https://www.kitterytradingpost.com/
Klaussner Outdoor,Furniture and Decor,https://www.klaussneroutdoor.com/
Kneaders,"Cafes, Restaurants and Bars",https://www.kneaders.com/
Koowheel,Bicycles and Skateboards,https://koowheelskateboard.com/
Kopari,Cosmetics and Personal Care,https://koparibeauty.com/
Kramer Leather,Weapons,https://www.kramerleather.com/
Krest Executive,Beauty Salons and Spas,https://krestco.com/
Krown Rust Control,Service Centers and Repairs,https://www.krown.com/
Kutv,Telecommunications,http://kutv.com/
Kwik Fill,Travel,https://www.kwikfill.com/
L And L Hawaiian Barbecue,Fast Food,https://www.hawaiianbarbecue.com/
La Bella Pizza Of Medford,Fast Food,http://www.labellapizzamedford.com/
LaBelle Orange Blossom Florist,Flowers / Florist,https://www.labelleorange.com/
Lacks Furniture,Supermarkets and Malls,https://www.lacks.com/
Ladera Lending,Loans and Mortgages,http://laderalending.com/
Laithwaites Wine,Food Manufacturers,https://www.laithwaites.co.uk/
Lakeshore Physical Therapy,"Hospitals, Clinics and Medical Centers",https://lakeshore-pt.com/
Lakeview RV Park,Hotels and Resorts,http://www.lakeviewrvpark.com/
Lao Airlines,Transport,https://www.laoairlines.com/
LAuberge,Hotels and Resorts,http://mylauberge.com/
Laurens Hope,Medical Supplies and Equipment,https://www.laurenshope.com/
Le Tote,E-commerce,https://www.letote.com/
Leaseville,Furniture and Decor,https://www.leaseville.com/
Legacy Plumbing,Plumbing,https://www.legacyplumbing.net/
Legacy Touch Jewelry,Jewelry and Accessories,https://legacytouch.com/
Leisure Travel Vans,Dealers,https://leisurevans.com/
LeSueur Car Company,Dealers,https://www.usedvwaudi.com/
Lewis And Lewis,Lawyers and Legal Services,https://lewislaw.com/
Lexington Medical Center,"Hospitals, Clinics and Medical Centers",https://www.lexmed.com/
Liberty Settlement Funding,Financial Services,https://www.libertysettlementfunding.com/
Life Extension,Pharmacy,https://www.lifeextension.com/
Lightworks,Software,https://www.lwks.com/
Lilydale Garden Center,Landscaping and Gardening,https://www.lilydalegardencenter.com/
Limited Too,Kids' Stores,http://limitedtoo.com/
Litehouse Pools and Spas,Supermarkets and Malls,http://www.litehouse.com/
Living DNA,Background and People Search,https://livingdna.com/
Livingston Tire,Service Centers and Repairs,https://www.livingstontire.com/
Lo Cost Propane,Utility,http://www.lo-costpropane.com/
Loake Shoemakers,Footwear and Clothing,https://www.loake.co.uk/
Lombardi Publishing Corporation,Periodicals & Publishing,https://lombardipublishing.com/
Lordco,Auto Parts and Accessories,http://www.lordco.com/
Louis Shanks Furniture,Furniture and Decor,https://www.louisshanksfurniture.com/
Louisville Ladder,Building Products,https://louisvilleladder.com/
Lowe Boats,Water Transport,https://www.loweboats.com/
Luigis Italian Sandwiches,Fast Food,http://luigisrestaurant.org/
Luigis Pizza of New Jersey,Fast Food,https://www.luigisnjpizza.com/
Lulu Press,Periodicals & Publishing,http://www.lulu.com/
Lynx Logistics,Transportation and Logistics,https://www.lynx-logistics.com/
Magento,Web Design and Development,https://magento.com/
Magic DVD Software,Software,http://www.magicdvdripper.com/
Magick Woods,"Pools, Spas and Plumbing Supplies",https://www.magickwoods.com/
Maglite,Household Essentials,https://maglite.com/
Main Street Renewal,Real Estate,https://www.msrenewal.com/
Maingear,Software,https://maingear.com/
Male Edge Australia,Health and Beauty,https://male-edge.com.au/
Malindo Air,Transport,https://www.malindoair.com/
MAN Marketing,Dealers,https://manmarketing.com/
Manhattan Pizza,Fast Food,https://www.manhattanpizza.com/
Manhattan Pizza And Subs,Fast Food,https://manhattanpizzaandsubs.com/
Manhattan Prep,Education,https://www.manhattanprep.com/
Marcus by Goldman Sachs,Loans and Mortgages,https://www.marcus.co.uk/uk/en
Marigot Bay Resort and Marina,Hotels and Resorts,https://www.marigotbayresort.com/
Market USA Federal Credit Union,Banks,https://www.marketusafcu.com/
Martin And Harris Appliances,Appliances and Electronics,http://www.martin-harris.com/
MAS Epoxies,Household Essentials,https://masepoxies.com/
Mason Gray Strange,Auctions and Marketplaces,https://www.mgs.net.au/
Massachusetts General Hospital,"Hospitals, Clinics and Medical Centers",https://www.massgeneral.org/
Matter Brothers Furniture,Furniture and Decor,https://www.matterbrothersfurniture.com/
Maxs Coal Oven Pizzeria,Fast Food,https://maxsatl.com/
Maxx Tv,Telecommunications,https://maxxtvbox.tv/
Maxxis Tires,Auto Parts and Accessories,https://www.maxxis.com/
Mayvenn,Beauty Supplies and Equipment,https://shop.mayvenn.com/
McCord Development,Real Estate,http://www.mccord.com/
McDaniel Window And Door,Windows and Doors,https://www.mcdanielwd.com/
Mead Clark Lumber,Windows and Doors,http://www.meadclark.com/
MeasureUp,Courses and Trainings,https://www.measureup.com/
Med Mart,Construction and Repair,https://medmartonline.com/
Mentor Tv,Appliances and Electronics,http://www.mentortv.com/
Meowbox,Pet Stores,https://meowbox.com/
Mephisto,Footwear and Clothing,https://www.mephisto.com/
Mercedes Benz Of Gilbert,Dealers,https://www.mbgilbert.com/
Mercedes Benz Of Wilsonville,Dealers,https://www.mercedesbenzwilsonville.com/
Mercy Health,"Hospitals, Clinics and Medical Centers",https://www.mercy.com/
Mercy Urgent Care,"Hospitals, Clinics and Medical Centers",https://www.mercy.net/service/urgent-care/
Merle Norman Cosmetics,Cosmetics and Personal Care,https://www.merlenorman.com/
Metro Run And Walk,Sport,http://www.metrorunwalkspringfield.com/index.html
Meyers RV of Syracuse,Dealers,http://meyersrvsuperstores.com/
Meyers RV Superstores,Dealers,https://www.meyersrvsuperstores.com/
Mi Cocina,"Cafes, Restaurants and Bars",https://www.micocina.com/
Michel Tires Plus,Service Centers and Repairs,https://www.tiresplus.com/
Mighty Paw,Pet Stores,https://mightypaw.com/
Military Hippie,Footwear and Clothing,https://www.militaryhippie.com/
Milos Pizza,Fast Food,https://milospizza.com/
Miracle Method,Household Services,https://www.miraclemethod.com/
Miralis,Construction and Repair,https://www.miralis.com/
Mission Clinic of Palm Springs,"Hospitals, Clinics and Medical Centers",http://missionclinic.net/
Mission Motorsports,Motorcycles and ATVs,https://missionmotorsports.com/
Missoula Nissan Hyundai,Dealers,https://www.missoulanissan.com/
Missouri Star Quilt Company,Craft Supplies and Tools,https://www.missouriquiltco.com/
Mochithings,E-commerce,https://shop.mochithings.com/
Mod Pizza,Fast Food,https://modpizza.com/
Mosquito Joe,Landscaping and Gardening,https://mosquitojoe.com/
Motorguide,Equipment,https://www.motorguide.com/us/en.html
Motorpoint,Dealers,https://www.motorpoint.co.uk/
Mount Sinai Health System,"Universities, Colleges and Schools",https://www.mountsinai.org/
Mountain Laurel Designs,"Hunting, Fishing and Camping",https://mountainlaureldesigns.com/
Mountain View Hospital,"Hospitals, Clinics and Medical Centers",https://mountainview-hospital.com/
Mountain View Management,Real Estate,https://www.mvmrentals.com/
Movement Mortgage,Loans and Mortgages,https://movement.com/
Moven,Banks,https://movenenterprise.com/
Moviefone,Tickets,https://www.moviefone.com/
Moz,Software,http://moz.com/
Mr Delivery,Food Delivery,https://www.mrdfood.com/
Mr Rogers Windows,Windows and Doors,https://www.mrrogerswindows.com/
Mrs Fields,Food Manufacturer,https://www.mrsfields.com/
MTCO Communications,Telecommunications,https://www.mtco.com/
Mudlick Mail,PR and Marketing,https://mudlickmail.com/
Mustangs Unlimited,Auto Parts and Accessories,http://www.mustangsunlimited.com/
MutualBank,Banks,https://www.bankwithmutual.com/
MW Sewall,Utility,https://mwsewall.com/
My heating And Cooling,"Heating, Cooling and Air Conditioning",https://myheatingandcooling.com/
Myer,Auctions and Marketplaces,https://www.myer.com.au/
MyFamilyDnaTest,"Hospitals, Clinics and Medical Centers",https://www.myfamilydnatest.com/
MyOwnVet,Animal Services,https://myownvet.com.au/
MyPublisher,Printing,https://www.mypublisher.com
Naimies,Cosmetics and Personal Care,https://www.naimies.com/
Nancys Pizza,Fast Food,https://nancyspizza.com/
Nandos,Fast Food,https://www.nandos.com/
Natchez Shooters Supplies,E-commerce,https://www.natchezss.com/
National Association of Credential Evaluation Services,Job Search and Employment,https://www.naces.org/
National General Motor Club,Service Centers and Repairs,https://www.nationalgeneralmotorclub.com/
Nations Lending,Loans and Mortgages,https://www.nationslending.com/
Nationwide KIA,Dealers,https://www.nationwide-kia.com/
Nationwide Mortgage Bankers,Loans and Mortgages,https://nmbnow.com/
Nature First Pest Control,Pest Control and Services,https://www.naturefirstpest.com/
Naughty Dog,Games and Movies,https://www.naughtydog.com/
Navy Exchange,E-commerce,https://mynavyexchange.com/
NCC Education,Courses and Trainings,https://www.nccedu.com/
NeoSmart Technologies,Software,http://neosmart.net/
Neteller,Cash Services,https://www.neteller.com/en
New American Funding,Loans and Mortgages,https://www.newamericanfunding.com/
New Vision Wilderness,"Hospitals, Clinics and Medical Centers",https://newvisionwilderness.com/
New York Health And Racquet Club,Fitness Centers,https://nyhrc.com/
New York Life Insurance Company,Insurance,https://www.newyorklife.com/
Newman Pest Control,Pest Control and Services,http://newmanpestcontrol.com/
Newsela,Education,https://newsela.com/
Next Education,Education,https://www.nexteducation.in/
Nicebrow,Cosmetics and Personal Care,http://nicebrow.com/
Nicks Plumbing And Sewer Services,"Heating, Cooling and Air Conditioning",http://www.nicksplumbing.com/
Ninja Number,Telecommunications,https://ninjanumber.com/
Nissley Disposal,Waste And Recycling Services,http://www.nissleydisposal.com/
North Carolina Vital Records,Governmental Organizations and Politics,http://vitalrecords.nc.gov/
Northridge 4x4,Auto Parts and Accessories,https://www.northridge4x4.com/
Northwestel,Telecommunications,https://www.nwtel.ca/
Northwoods connect,Telecommunications,https://www.northwoodsconnect.com/
NumberBarn,Telecommunications,https://www.numberbarn.com/
Nuvei,Financial Services,https://nuvei.com/
Nyra Bets,Gambling and Lotto,https://www.nyrabets.com/
Olson Photography,Photography,http://olsonpics.photoreflect.com/
One Green World,Landscaping and Gardening,https://onegreenworld.com/
OneGuard Home Warranties,Household Services,https://www.oneguardhomewarranty.com/
OneSource Communications,Telecommunications,http://www.1scom.com/
OnStaff USA,Job Search and Employment,https://onstaffusa.com/
Origins Cosmetics,Cosmetics and Personal Care,https://www.origins.eu/
Ovente,Kitchen and Cooking,https://ovente.com/
Oxmoor Apartment Homes,Real Estate,https://www.oxmoor-apthomes.com/
Pa Knives,E-commerce,https://www.paknives.com/
PaidViewpoint,"Gift Cards, Rewards and Cashbacks",https://paidviewpoint.com/
Palmen Buick GMC Cadillac,Dealers,https://www.palmengm.com/
Palmetto Tire And Auto,Service Centers and Repairs,https://www.palmettotires.com/
Pamaro Shop Furniture,Furniture and Decor,https://www.thepamaroshop.com/
Panda Planner,E-commerce,https://pandaplanner.com/
Para Paint,Building Products,https://www.para.com/
Paradise 4 Paws,Animal Services,http://www.paradise4pawschicago.com/
Paradise Motors,Dealers,https://www.paradisemotors.com/
Parkview Hospital,"Hospitals, Clinics and Medical Centers",https://www.parkview.com/
Parr Lumber,Supermarkets and Malls,https://parr.com/
PartsAvatar,Auto Parts and Accessories,https://partsavatar.ca/
Paul Sherry Rvs,Dealers,https://www.paulsherryrvs.com/
Paulas Wigs,Beauty Supplies and Equipment,https://www.paulaswigsandbling.com/
Pauls Photo,Appliances and Electronics,https://paulsphoto.com/
Paw Lofts,Animal Services,https://www.pawlofts.com/
pcTattletale,Software,https://www.pctattletale.com/
Peach Dish,Food Delivery,https://www.peachdish.com/menu
Pelican Parts,Auto Parts and Accessories,https://www.pelicanparts.com/
Penta Paints,Building Products,http://pentapaints.com/
Perillo Tours,Travel,https://www.perillotours.com/
PermaPlate,Service Centers and Repairs,https://www.permaplate.com/
Pet Resort Dallas,Animal Services,http://www.aaprdallas.com/
Petmountain,Pet Stores,https://www.petmountain.com/
Phatmoto,Bicycles and Skateboards,https://www.phatmoto.com/
Philo,Telecommunications,https://www.philo.com/
Phoenix Friction,Auto Parts and Accessories,https://www.phoenixfriction.com/
PhotoAffections,Printing,https://www.photoaffections.com/
Pick n Pay,Supermarkets and Malls,https://www.pnp.co.za/
Pickles Auctions,Auctions and Marketplaces,https://www.pickles.com.au/
Pillsbury Baking,Food Manufacturers,https://www.pillsburybaking.com/
Pizza For U,Fast Food,https://pizzaforu.com/
Pizza Den Of Princeton,Fast Food,http://www.pizzadenprinceton.com/
Pizza Factory,Fast Food,https://www.pizzafactory.com/
Pizza Inn,Fast Food,https://www.pizzainn.com/
Pizza My Heart,Fast Food,https://www.pizzamyheart.com/
Pizza Pizazz,Fast Food,http://www.pizazzpizza.com/
Pizzaman Dans,Fast Food,https://www.pizzamandans.com/
Plain Green Loans,Loans and Mortgages,https://www.plaingreenloans.com/account/login
Plattsburgh City Recreation Center,Fitness Centers,http://www.plattsburghrecreation.com/
Plaza Home Mortgage,Loans and Mortgages,https://www.plazahomemortgage.com/
Pocono Rv,Dealers,https://poconorv.com/
Polar Windows,Windows and Doors,https://polarwindows.com/
Pollfish,PR and Marketing,https://www.pollfish.com/
Ponderosa and Bonanza Steakhouses,"Cafes, Restaurants and Bars",https://www.pon-bon.com/
Post Game Pizza,Fast Food,http://postgamepizza.com/
Postshipper,Transportation and Logistics,https://www.postshipper.com/
PR Newswire,Media,https://www.prnewswire.com/
prAna,Footwear and Clothing,https://www.prana.com/
Premier Copper Products,Building Products,https://premiercopperproducts.com/
Premier Gourmet,Food Stores,https://www.premiergourmet.com/
Preventive Pest Control,Pest Control and Services,http://www.preventivepestcontrol.com/
ProCreativeWriters,SEO and Reputation Management,https://www.procreativewriters.com/
Pro Waste Services,Waste And Recycling Services,https://www.prowasteinc.com/
Progressive Pest Control,Pest Control and Services,https://progressivepestcontrollasvegas.com/
ProSource Wholesale,Flooring and Tiling,https://www.prosourcewholesale.com/
Prosperity Home Mortgage,Loans and Mortgages,https://www.phmloans.com/
ProVyro Waste Services,Waste And Recycling Services,http://www.provyro.com/
PRW Industries,Auto Parts and Accessories,https://prw-usa.com/
PureGym,Fitness Centers,https://www.puregym.com/
Purified Pictures,Games and Movies,http://purifiedpictures.com/
QFC,Supermarkets and Malls,https://www.qfc.com/
Quality Buildings,Construction and Repair,https://www.qbiusa.com/
Quiksilver,Footwear and Clothing,https://www.quiksilver.com/
Rays Trash Service,Waste And Recycling Services,https://raystrash.com/
Readworks,Education,https://www.readworks.org/
Rebag,Auctions and Marketplaces,https://www.rebag.com/
RebelsMarket,Footwear and Clothing,https://www.rebelsmarket.com/
ReBuilding Center,Supermarkets and Malls,https://www.rebuildingcenter.org/
Red Dress Boutique,Footwear and Clothing,https://www.reddressboutique.com/
Red Oak Sanitation,Waste And Recycling Services,https://www.sanitation-services.com/
Red Onion Hoagies And Pizza,Fast Food,http://www.redonionbethelpark.com/
Reddy Rents,Transportation and Logistics,http://www.reddyrents.com/
Red Karaoke,Telecommunications,https://www.redkaraoke.com/
Redweek,Travel,https://www.redweek.com/
Redwood Credit Union,Financial Services,https://www.redwoodcu.org/
Renove Solar,Utility,http://www.renovesolar.com.br/
Rent The Runway,Rentals,https://www.renttherunway.com/
Rentokil Initial,Household Services,http://www.rentokil-initial.com/
Residential Recycling And Refuse of Texas,Waste And Recycling Services,https://www.rrrtx.net/
Responster,PR and Marketing,https://www.responster.com/
Restaurant Connection,Food Delivery,https://restaurantconnectionsb.com/
Revere,Kitchen and Cooking,https://www.revereware.com/home
RHSS Rental Homes,Real Estate,http://www.rhssrentals.com/search-rentals/
Ricks RV,Dealers,https://www.ricksrv.com/
Ritchs Personal Training,Fitness Centers,http://www.ritchspt.com/
Road And Track,Periodicals & Publishing,https://www.roadandtrack.com/
Roadrunner Financial,Loans and Mortgages,https://www.roadrunnerfinancial.com/
Robinson Land,Real Estate,https://www.robinsonsland.com/
RocketLoans,Loans and Mortgages,https://www.rocketloans.com/
Rocky Mountain RV And Marine,Dealers,https://www.rmrv.com/
Rods Food,Pet Stores,https://rodsfood.com/
Rogers Plumbing And Heating,Plumbing,https://www.rogersplumbingandheating.com/
Root Insurance,Insurance,https://www.joinroot.com/
Rosauers Supermarkets,Supermarkets and Malls,https://www.rosauers.com/
Rotten Tomatoes,Media,https://www.rottentomatoes.com/
Route 40 Diner,"Cafes, Restaurants and Bars",https://route40diner.com/
Royal South Toyota,Dealers,https://www.royalsouthtoyota.com/
Royalton Resorts,Hotels and Resorts,https://www.royaltonresorts.com/
Rpp Hobby,E-commerce,https://www.rpphobby.com/
Rushordertees,Footwear and Clothing,https://www.rushordertees.com/
Rvshare,Rentals,https://rvshare.com/
San Marcos Smile Dental,Dentistry,https://www.sanmarcossmile.com/
Sanford Health,"Hospitals, Clinics and Medical Centers",https://www.sanfordhealth.org/
Sanity Australia,Games and Movies,https://www.sanity.com.au/
Santek Waste Disposal,Waste And Recycling Services,https://www.santekenviro.com/
Sapp Bros,Travel,http://www.sappbros.net/
Sawyer Place Of New York,Real Estate,https://www.sawyerplaceny.com/
SBT Japan,Dealers,https://www.sbtjapan.com/
Scenic UK,Cruises and Ships,https://www.scenic.co.uk/
Schwarzkopf,Cosmetics and Personal Care,https://www.schwarzkopf.com/en/home.html
Scooters Refuse Service,Waste And Recycling Services,https://scootersrefuse.com/
Scribendi,Writing and Editing Services,https://www.scribendi.com/
SD Tactical Arms,Weapons,https://sdtacticalarms.com/
Sea Vu Campground,Travel,https://sea-vucampground.com/
Season Control Air Conditioning and Heating,"Heating, Cooling and Air Conditioning",https://www.ascair.com/
SecretBenefits,Adult Entertainment,https://www.secretbenefits.com/
Seedless Marketing,PR and Marketing,https://www.seedlessmarketing.co.uk/
SellBackYourBook,Periodicals & Publishing,https://www.sellbackyourbook.com/
Semo Electric,Utility,https://gosemo.com/
Sendabunch UK,Flowers / Florist,https://www.sendabunch.co.uk/
Sexy Hair,Cosmetics and Personal Care,https://www.sexyhair.com/
Shallowford Smiles of Chattanooga ,Dentistry,https://www.shallowfordsmiles.com/
Sharums Landscape And Design,Landscaping and Gardening,https://www.sharums.com/
Shea Moisture,Cosmetics and Personal Care,https://www.sheamoisture.com/
Sheds Com,Construction and Repair,https://sheds.com/
Shernbao,Pet Stores,http://www.shernbao.com/
Ship4less,Transportation and Logistics,https://www.s4l.us/
Shop2Ship,Transportation and Logistics,https://shop2ship.com/
Shopdisney,Footwear and Clothing,https://www.shopdisney.com/
Shopmaster,Software,https://www.shopmaster.com/
ShopNational,Footwear and Clothing,https://www.shopnational.com/
Shredlogix,Transportation and Logistics,https://shredlogix.net/
Shur Way Building Centers,Supermarkets and Malls,https://shurway.com/
Sideline HQ,Telecommunications,https://www.sideline.com/
Sikkens,Building Products,https://www.sikkens.com/
Silversea Cruises,Cruises and Ships,https://www.silversea.com/en.html
Simple Simons Pizza,Fast Food,http://www.simplesimonspizza.com/
Simplii Financial,Banks,https://www.simplii.com/en/home.html
Simply Safer Premium Lawn Care,Landscaping and Gardening,https://www.saferlawns.com/
Singh Contracting,Construction and Repair,https://singhcontracting.com/
SISTIC,Tickets,https://www.sistic.com.sg/
Skates On The Bay,"Cafes, Restaurants and Bars",https://skatesonthebay.com/
SkinMedica,Cosmetics and Personal Care,https://www.skinmedica.com/
SmartFax,Telecommunications,https://www.smartfax.com/
Smartpress,Printing,https://smartpress.com/
Smokers Outlet Online,E-commerce,https://www.smokersoutletonline.com/
Smoky Mountain Knife Works,E-commerce,https://www.smkw.com/
Snake River Yamaha,Motorcycles and ATVs,https://www.snakeriveryamaha.com/
SoKno Taco Cantina,"Cafes, Restaurants and Bars",https://soknota.co/
Soundrop,PR and Marketing,https://soundrop.com/
South Bend Clutch,Auto Parts and Accessories,https://www.southbendclutch.com/
South Davis Veterinary Center,Pet Medicine and Veterinary Clinics,http://www.southdavisvet.com/
Southern Car Parts,Auto Parts and Accessories,https://www.southerncarparts.com/
Southern Fixings,Windows and Doors,http://www.southernfixingltd.com/
SPAR International,Supermarkets and Malls,https://spar-international.com/
Speck Chrysler Jeep Dodge Ram,Dealers,https://www.speckcdjr.com/
Speco Technologies,Security and Protection Services,http://www.specotech.com/
Speedy Furniture,Furniture and Decor,https://www.speedyfurniture.com/
Spoiled Salon Of Connecticut,Beauty Salons and Spas,http://www.spoiledsalon.com/
Spring Valley Gas,Utility,https://www.springvalleygas.com/
Spring Valley Hospital,"Hospitals, Clinics and Medical Centers",https://www.springvalleyhospital.com/
StabilityPro,Footwear and Clothing,https://www.stabilitypro.com/
Stackry,Transportation and Logistics,https://www.stackry.com/
Staff Zone,Job Search and Employment,https://thestaffzone.com/
Starfall Education,Kids,https://www.starfall.com/
Stargazer Cosmetics,Cosmetics and Personal Care,https://www.stargazer-products.com/
Stark Brothers Nurseries and Orchards,Landscaping and Gardening,https://www.starkbros.com/
Stash,Financial Services,https://www.stashinvest.com/
Steel Blue,Footwear and Clothing,https://steelblue.com/us/
Steers,Fast Food,https://steers.co.za/
Stone Academy of West Haven,"Hospitals, Clinics and Medical Centers",http://www.stone.edu/
Stone Lang,Medical Supplies and Equipment,https://www.stonelang.com/
Stoneham Ford,Dealers,https://www.stonehamford.com/
Stoneridge Homes,Construction and Repair,https://www.stoneridgehomesinc.com/
StorageMax,Moving and Storage,https://www.stomax.com/
Stressless By Ekornes,Furniture and Decor,https://www.stressless.com/en
Stronghold Floors,Construction and Repair,https://www.strongholdfloors.com/
Stronghold K9,Breeders,https://cincinnatik9training.com/
Student Network Resource,Writing and Editing Services,https://www.snrinfo.com/
Sublet Com,Real Estate,https://www.sublet.com/
Suburban Hyundai,Dealers,https://www.suburbanhyundai.com/
Sui Wah School,"Universities, Colleges and Schools",http://www.suiwah.org/
Summa Health,"Hospitals, Clinics and Medical Centers",https://www.summahealth.org/
Summerlin Hospital Medical Center,"Hospitals, Clinics and Medical Centers",https://www.summerlinhospital.com/
Sun Precautions,Footwear and Clothing,https://www.sunprecautions.com/
Sun Sea Escapes,Travel Agencies,https://sunseaescapes.com/
SunCoast Transmissions,Auto Parts and Accessories,https://suncoastdiesel.com/p-35847-home-diesel.html
Sunshine Sanitation,Waste And Recycling Services,http://sunshinesanitation.us/
Suorin Vape,Cigarettes and Tobacco,https://www.suorinusa.com/
SurveyGizmo,PR and Marketing,https://www.surveygizmo.com/
SurveyLegend,PR and Marketing,https://www.surveylegend.com/
SurveyNuts,PR and Marketing,https://surveynuts.com/en
SurveyPlanet,PR and Marketing,https://surveyplanet.com/
Suspension Connection,Auto Parts and Accessories,https://www.suspensionconnection.com/
Suva Beauty,Cosmetics and Personal Care,https://www.suvabeauty.com/
Swap,Financial Services,https://www.swap.com/
Swicorp,Financial Services,https://www.swicorp.com/
Swisscom,Telecommunications,https://www.swisscom.ch/
TacoTime,Fast Food,https://www.tacotime.com/
Take Out On The Run,Food Delivery,http://www.takeoutontherun.com/
Takealot,Auctions and Marketplaces,https://www.takealot.com/
TakeoutStar,Food Delivery,http://takeoutstar.com/
Talent Direct Agency,Talent and Modeling Agencies,http://www.talentdirect.com/
TAMKO Building Products,Building Products,https://www.tamko.com/
Tata Motors,Auto,https://www.tatamotors.com/
Taurinus Brazilian Steak House,"Cafes, Restaurants and Bars",http://www.taurinussteakhouse.com/
Tax Hardship Center,Taxes,http://www.taxhardshipcenter.com/
Tcm Channel,Telecommunications,http://www.tcm.com
Team Nikos,Sport,http://teamnikos.com/
Teamviewer,Software,https://www.teamviewer.com/en-us/
Tecovas,Footwear and Clothing,https://www.tecovas.com/
Teds Hot Dogs,Fast Food,https://www.tedshotdogs.com/
Telmate,Telecommunications,https://www.telmate.com/
Temptu,Cosmetics and Personal Care,https://temptu.com/
Tenacontrols,E-commerce,https://tenacontrols.com/
Terrell Camping Center,Dealers,https://terrellcampingcenter.com/
The American Dream School,"Universities, Colleges and Schools",https://www.theamericandreamschool.org/
The Book Patch,Periodicals & Publishing,https://www.thebookpatch.com/
The Corner Cafe,"Cafes, Restaurants and Bars",http://www.thecornercafe.com/
the dark store,Footwear and Clothing,https://www.thedarkstore.com/en/
The Economic Times,Periodicals & Publishing,https://economictimes.indiatimes.com/
The Gld Shop,Jewelry and Accessories,https://www.thegldshop.com/
The Great Wazu,"Cafes, Restaurants and Bars",http://www.greatwazu.com/
The Great-West Life Assurance,Financial Services,https://www.greatwestlife.com/you-and-your-family.html
The iFish Store,Pet Stores,https://theifishstore.com/
The Infinity Store,E-commerce,https://theinfinitystore.my/
The Keg Steakhouse,"Cafes, Restaurants and Bars",https://kegsteakhouse.com/en
The Killers Pest Control,Pest Control and Services,https://thekillers.net/
The Marion Star,Periodicals & Publishing,https://www.marionstar.com/
The Market In The Square,Food Stores,https://www.themarketinthesquare.com/
The Meal Mobile,Food Delivery,https://www.themealmobile.com/
The New York Times,Periodicals & Publishing,https://www.nytimes.com/
The Parts House,Auto Parts and Accessories,https://www.thepartshouse.com/
The Singing Machine Company,Telecommunications,https://singingmachine.com/
The Trailer Parts Outlet,Auto Parts and Accessories,https://thetrailerpartsoutlet.com/
The Valley Hospital,"Hospitals, Clinics and Medical Centers",https://www.valleyhealth.com/
TheBookPatch,Periodicals & Publishing,https://www.thebookpatch.com/
Thermaltake,Appliances and Electronics,https://www.thermaltake.com/
ThunderCloud Subs,"Cafes, Restaurants and Bars",https://thundercloud.com/
Tile America,Flooring and Tiling,https://www.tileamerica.com/
Tillamook,Dairy Foods,https://www.tillamook.com/
Timbercraft Tiny Homes,Construction and Repair,https://timbercrafttinyhomes.com/
Tire Barn Warehouse,Service Centers and Repairs,https://www.tirebarn.com/
To Boot New York,Footwear and Clothing,https://toboot.com/
Toni And Joes Pizzeria of Pueblo,Fast Food,http://toniandjoespizza.com/
Tony Lama Boots,Footwear and Clothing,https://www.tonylama.com/
Torchys Taco,Fast Food,https://torchystacos.com/menu/
Total Quality Logistics,Transportation and Logistics,https://www.tql.com/
Total Seminars,IT Services and Solutions,https://www.totalsem.com/
Totally Promotional,Printing,https://www.totallypromotional.com/
Town And Country Toyota,Dealers,https://www.townandcountrytoyota.com/
Toyota of Hollywood,Dealers,https://www.toyotaofhollywood.com/
Toyota of Rock Hill,Dealers,https://www.toyotarockhill.com/
Trailer Parts Superstore,Auto Parts and Accessories,https://www.easternmarine.com/
Training For Warriors,Fitness Centers,https://www.trainingforwarriors.com/
TRANSBANG,Transportation and Logistics,https://www.transbang.com/en-us/welcome/index/
Trash Taxi of Georgia,Waste And Recycling Services,https://www.trashtaxiofgeorgia.com/
Tridac Mortgage,Loans and Mortgages,https://tridacmortgages.com/
TRIFACTIVE Sports Injury And Performance Clinic,"Hospitals, Clinics and Medical Centers",https://trifactive.com/
Tripp NYC,Footwear and Clothing,https://trippnyc.com/
Truecaller,Background and People Search,https://www.truecaller.com/
TRW Automotive,Auto Parts and Accessories,https://www.trwaftermarket.com/us/
Tucson Window and Door,Windows and Doors,http://www.tucsonwindowanddoor.com/
Tulsiani Investments,Real Estate,http://www.tulsianiinvestments.com/
Turbo GSA,Consulting,http://www.turbogsa.com/
Turning Leaf,Food Manufacturers,http://www.turningleaf.com/
Turnitin,Writing and Editing Services,https://www.turnitin.com/
Twilio,Telecommunications,https://www.twilio.com/
Two Five Apparel,Sport Equipment and Accessories,https://twofiveapparel.com/
Typeform,PR and Marketing,https://www.typeform.com/
Tyro Family Pharmacy,Pharmacy,https://www.tyrofamilypharmacy.com/
UC Davis Veterinary Medical Teaching Hospital,Pet Medicine and Veterinary Clinics,https://www.vetmed.ucdavis.edu/hospital
Ucare,Insurance,https://home.ucare.org/en-us/
Una Pizza,Fast Food,http://www.unapizza.com/
Unagi Scooters,Appliances and Electronics,https://www.unagiscooters.com/
Union Home Loans,Loans and Mortgages,https://www.unionhomemortgage.com/
United States Department of Agriculture,Governmental Organizations and Politics,https://www.usda.gov/
Uptown Cheapskate,Auctions and Marketplaces,https://uptowncheapskate.com/
USA Muffler And Brakes,Service Centers and Repairs,https://usamufflersandbrakes.com/
UWinIt,PR and Marketing,https://www.uwinit.com/
V2 Retail,Auctions and Marketplaces,http://www.v2retail.com/
Valley Capital,Loans and Mortgages,http://valleycap.com/
Valley Delivered Goods,Food Delivery,http://www.valleydeliveredgoods.com/
Valley Wide Cooperative,Utility,https://www.valleywidecoop.com/
Van Boxtel RV,Dealers,https://www.vanboxtelrv.com/
Vanilla Reload,Cards,https://vanillareload.com/
VASA Fitness,Fitness Centers,https://vasafitness.com/
Vermont Telephone Company,Telecommunications,https://www.vermontel.com/
Vestiaire Collective,Auctions and Marketplaces,https://us.vestiairecollective.com/
Viking Steel Structures,Construction and Repair,https://www.vikingsteelstructures.com/
Vincheck Info,Auto,https://vincheck.info/
Vista Higher Learning,Education,https://vistahigherlearning.com/
Vology,IT Services and Solutions,https://www.vology.com/
Voxox,Telecommunications,https://www.voxox.com/
Voyages to Antiquity,Cruises and Ships,https://voyagestoantiquity.com/
Wachsman,PR and Marketing,https://wachsman.com/
Wacom,Gadgets and Accessories,https://www.wacom.com/
Walfins Hot Tubs,"Pools, Spas and Plumbing Supplies",https://www.walfinshottubs.co.uk/
Walrath Heating And Air Conditioning,"Heating, Cooling and Air Conditioning",https://walrathhvac.com/
Wanda Coach,Transport,https://www.wandacoach.com/
Warn Industries,Equipment,https://www.warn.com/
Washington University School Of Law,"Universities, Colleges and Schools",https://law.wustl.edu/
Waste Cost Solutions,Waste And Recycling Services,http://www.wastecostsolutions.com/
Watchmaxx,Jewelry and Accessories,https://www.watchmaxx.com/
Weekly Money Multiplier,Periodicals & Publishing,https://www.weeklymoneymultiplier.com/
Wesleys Housing Center,Construction and Repair,https://www.wesleyshousingcenter.com/
West Coast Shipping,Transportation and Logistics,https://www.wcshipping.com/
West Liberty Animal Hospital,Pet Medicine and Veterinary Clinics,http://westlibertyanimalhospital.com/
West Street Medical,"Hospitals, Clinics and Medical Centers",https://www.weststreetmedical.com/
West Town Physical Therapy,"Hospitals, Clinics and Medical Centers",https://westtownpt.com/
Western Family Foods,Food Manufacturers,http://www.westernfamily.com/
WesTex Connect,Telecommunications,http://www.wtconnect.com/
Westshore Pizza,Fast Food,https://westshorepizza.com/
Westside Animal Hospital,Pet Medicine and Veterinary Clinics,https://www.westsidepetvet.com/
Whitaker Bank,Banks,https://www.whitakerbank.com/
White Performance and Machine,Auto Parts and Accessories,http://www.whiteperformance.com/
WhoCallsMe,Background and People Search,https://whocallsme.com/
Wholesale Central,E-commerce,https://www.wholesalecentral.com/
Wholesalesuiteplugin,Software,https://wholesalesuiteplugin.com/
Wickford Appliance,Supermarkets and Malls,https://www.wickfordappliance.com/
Wild Wing Restaurants,"Cafes, Restaurants and Bars",https://www.wildwingrestaurants.com/en/
William Edge Salons,Beauty Salons and Spas,https://williamedge.com/
William Mattar,Lawyers and Legal Services,https://www.williammattar.com/
WinDoor,Windows and Doors,https://windoorinc.com/
Wings 101,Fast Food,https://www.wings101restaurant.com/
Wings Etc,"Cafes, Restaurants and Bars",https://www.wingsetc.com/
Winners,Footwear and Clothing,https://www.winners.ca/
Winvale,Consulting,https://winvale.com/
Wise Owl Tutoring,Education,https://www.wiseowltutoring.net/
WISE Home Solutions,Security and Protection Services,https://wisehomesolutions.com
Wowfare,Travel Agencies,https://wowfare.com/
WriteCheck,Writing and Editing Services,http://en.writecheck.com/
WS1 Com,Transportation and Logistics,https://secure2.ws1.com/
Wyze Labs,Security and Protection Services,https://wyze.com/
XeMODeX Technology,Service Centers and Repairs,https://xemodex.com/
XFL,Sport,https://www.xfl.com/
XpressBet,Gambling and Lotto,https://www.xpressbet.com/
Yardistry,Furniture and Decor,https://yardistrystructures.com/
Yellow Brick Road Thrift,Furniture and Decor,https://www.yellowbrickroadthrift.com/
Yonkers Autoland,Dealers,https://www.yonkersautoland.com/
Yumas Bargain Warehouse,Auto Parts and Accessories,https://www.ysbw.com/
Yummy Com,Food Delivery,https://www.yummy.com/
Zalando,Auctions and Marketplaces,https://www.zalando.com/
Zando,E-commerce,https://www.zando.co.za/
Zbuyer,PR and Marketing,https://zbuyer.com/
Zifty,Food Delivery,https://www.zifty.com/
Zimmerman Autobody,Service Centers and Repairs,https://zimmermanautobody.com/
Zpacks,"Hunting, Fishing and Camping",https://zpacks.com/
ZQuiet,Medical Supplies and Equipment,http://zquiet.com/
Zurdox,Sport Equipment and Accessories,https://store.zurdox.com/
Zyppah,Medical Supplies and Equipment,https://zyppah.com/
Bakers Supermarkets,Supermarkets and Malls,https://www.bakersplus.com
Bargain Gift Card Com,"Gift Cards, Rewards and Cashbacks",https://www.giftcardgranny.com/seller/
Cedar Valley College,"Universities, Colleges and Schools",https://www.cedarvalleycollege.edu/pages/default.aspx
Jim Dhamer Plumbing and Sewer,Plumbing,https://dhamerplumbing.com/
Don Herring North Mitsubishi,Dealers,https://www.donherringplano.com/
Ezviz,Security and Protection Services,http://us.ezvizlife.com/
Hayes Family Dentistry,Dentistry,https://www.hayesdentistry.com/
Latter And Blum,Real Estate,https://www.latter-blum.com/
Makita,Equipment,https://www.makitatools.com/
